'2019-08-20 16:11:14.358000', 755', '627', 'None'
'2019-08-20 16:11:14.362000', 730', '615', 'None'
'2019-08-20 16:11:14.366000', 703', '600', 'None'
'2019-08-20 16:11:14.373000', 677', '585', 'None'
'2019-08-20 16:11:14.380000', 641', '568', 'None'
'2019-08-20 16:11:14.387000', 602', '548', 'None'
'2019-08-20 16:11:14.394000', 583', '539', 'None'
'2019-08-20 16:11:14.403000', 555', '529', 'None'
'2019-08-20 16:11:14.409000', 529', '517', 'None'
'2019-08-20 16:11:14.416000', 509', '505', 'None'
'2019-08-20 16:11:14.423000', 495', '497', 'None'
'2019-08-20 16:11:14.431000', 483', '487', 'None'
'2019-08-20 16:11:14.438000', 469', '477', 'None'
'2019-08-20 16:11:14.446000', 455', '470', 'None'
'2019-08-20 16:11:14.453000', 441', '463', 'None'
'2019-08-20 16:11:14.460000', 430', '459', 'None'
'2019-08-20 16:11:14.467000', 423', '456', 'None'
'2019-08-20 16:11:14.474000', 416', '452', 'None'
'2019-08-20 16:11:14.482000', 411', '450', 'None'
'2019-08-20 16:11:14.489000', 406', '447', 'None'
'2019-08-20 16:11:14.496000', 401', '444', 'None'
'2019-08-20 16:11:14.503000', 395', '438', 'None'
'2019-08-20 16:11:14.510000', 390', '432', 'None'
'2019-08-20 16:11:14.518000', 384', '423', 'None'
'2019-08-20 16:11:14.526000', 379', '412', 'None'
'2019-08-20 16:11:14.533000', 372', '405', 'None'
'2019-08-20 16:11:14.540000', 368', '396', 'None'
'2019-08-20 16:11:14.547000', 365', '387', 'None'
'2019-08-20 16:11:14.554000', 362', '376', 'None'
'2019-08-20 16:11:14.562000', 357', '367', 'None'
'2019-08-20 16:11:14.569000', 353', '357', 'None'
'2019-08-20 16:11:14.576000', 350', '346', 'None'
'2019-08-20 16:11:14.584000', 347', '341', 'None'
'2019-08-20 16:11:14.591000', 344', '333', 'None'
'2019-08-20 16:11:14.598000', 342', '329', 'None'
'2019-08-20 16:11:14.605000', 341', '325', 'None'
'2019-08-20 16:11:14.613000', 340', '322', 'None'
'2019-08-20 16:11:14.620000', 339', '318', 'None'
'2019-08-20 16:11:14.627000', 339', '311', 'None'
'2019-08-20 16:11:14.635000', 340', '301', 'None'
'2019-08-20 16:11:14.642000', 341', '289', 'None'
'2019-08-20 16:11:14.649000', 343', '280', 'None'
'2019-08-20 16:11:14.656000', 347', '271', 'None'
'2019-08-20 16:11:14.664000', 352', '264', 'None'
'2019-08-20 16:11:14.671000', 356', '259', 'None'
'2019-08-20 16:11:14.678000', 359', '254', 'None'
'2019-08-20 16:11:14.686000', 364', '249', 'None'
'2019-08-20 16:11:14.693000', 365', '246', 'None'
'2019-08-20 16:11:14.700000', 367', '242', 'None'
'2019-08-20 16:11:14.707000', 369', '239', 'None'
'2019-08-20 16:11:14.715000', 372', '238', 'None'
'2019-08-20 16:11:14.722000', 374', '234', 'None'
'2019-08-20 16:11:14.729000', 376', '232', 'None'
'2019-08-20 16:11:14.737000', 378', '230', 'None'
'2019-08-20 16:11:14.744000', 380', '228', 'None'
'2019-08-20 16:11:14.751000', 382', '226', 'None'
'2019-08-20 16:11:14.758000', 385', '224', 'None'
'2019-08-20 16:11:14.765000', 390', '223', 'None'
'2019-08-20 16:11:14.773000', 394', '223', 'None'
'2019-08-20 16:11:14.780000', 400', '224', 'None'
'2019-08-20 16:11:14.787000', 408', '226', 'None'
'2019-08-20 16:11:14.795000', 416', '228', 'None'
'2019-08-20 16:11:14.802000', 422', '232', 'None'
'2019-08-20 16:11:14.809000', 428', '234', 'None'
'2019-08-20 16:11:14.817000', 432', '239', 'None'
'2019-08-20 16:11:14.824000', 440', '242', 'None'
'2019-08-20 16:11:14.831000', 444', '246', 'None'
'2019-08-20 16:11:14.838000', 452', '251', 'None'
'2019-08-20 16:11:14.846000', 457', '254', 'None'
'2019-08-20 16:11:14.853000', 463', '259', 'None'
'2019-08-20 16:11:14.860000', 468', '265', 'None'
'2019-08-20 16:11:14.868000', 474', '271', 'None'
'2019-08-20 16:11:14.875000', 479', '279', 'None'
'2019-08-20 16:11:14.882000', 483', '286', 'None'
'2019-08-20 16:11:14.889000', 488', '291', 'None'
'2019-08-20 16:11:14.897000', 490', '295', 'None'
'2019-08-20 16:11:14.903000', 492', '299', 'None'
'2019-08-20 16:11:14.911000', 494', '302', 'None'
'2019-08-20 16:11:14.919000', 498', '305', 'None'
'2019-08-20 16:11:14.926000', 500', '309', 'None'
'2019-08-20 16:11:14.933000', 502', '312', 'None'
'2019-08-20 16:11:14.940000', 504', '314', 'None'
'2019-08-20 16:11:14.948000', 507', '320', 'None'
'2019-08-20 16:11:14.955000', 509', '323', 'None'
'2019-08-20 16:11:14.962000', 511', '327', 'None'
'2019-08-20 16:11:14.970000', 512', '328', 'None'
'2019-08-20 16:11:14.977000', 512', '330', 'None'
'2019-08-20 16:11:14.985000', 512', '332', 'None'
'2019-08-20 16:11:14.998000', 512', '333', 'None'
'2019-08-20 16:11:15.005000', 512', '334', 'None'
'2019-08-20 16:11:15.013000', 512', '335', 'None'
'2019-08-20 16:11:15.020000', 512', '336', 'None'
'2019-08-20 16:11:15.029000', 512', '337', 'None'
'2019-08-20 16:11:15.043000', 512', '338', 'None'
'2019-08-20 16:11:15.050000', 511', '339', 'None'
'2019-08-20 16:11:15.057000', 511', '340', 'None'
'2019-08-20 16:11:15.064000', 510', '340', 'None'
'2019-08-20 16:11:15.071000', 507', '340', 'None'
'2019-08-20 16:11:15.078000', 506', '340', 'None'
'2019-08-20 16:11:15.086000', 504', '340', 'None'
'2019-08-20 16:11:15.093000', 503', '340', 'None'
'2019-08-20 16:11:15.101000', 499', '340', 'None'
'2019-08-20 16:11:15.109000', 497', '340', 'None'
'2019-08-20 16:11:15.115000', 494', '339', 'None'
'2019-08-20 16:11:15.122000', 492', '338', 'None'
'2019-08-20 16:11:15.130000', 488', '337', 'None'
'2019-08-20 16:11:15.136000', 485', '337', 'None'
'2019-08-20 16:11:15.144000', 482', '336', 'None'
'2019-08-20 16:11:15.152000', 479', '335', 'None'
'2019-08-20 16:11:15.159000', 477', '333', 'None'
'2019-08-20 16:11:15.166000', 475', '332', 'None'
'2019-08-20 16:11:15.173000', 472', '331', 'None'
'2019-08-20 16:11:15.180000', 468', '330', 'None'
'2019-08-20 16:11:15.188000', 466', '329', 'None'
'2019-08-20 16:11:15.195000', 463', '328', 'None'
'2019-08-20 16:11:15.203000', 458', '326', 'None'
'2019-08-20 16:11:15.210000', 454', '325', 'None'
'2019-08-20 16:11:15.218000', 446', '322', 'None'
'2019-08-20 16:11:15.224000', 441', '319', 'None'
'2019-08-20 16:11:15.232000', 434', '318', 'None'
'2019-08-20 16:11:15.239000', 430', '317', 'None'
'2019-08-20 16:11:15.246000', 425', '316', 'None'
'2019-08-20 16:11:15.253000', 421', '315', 'None'
'2019-08-20 16:11:15.261000', 417', '314', 'None'
'2019-08-20 16:11:15.268000', 413', '313', 'None'
'2019-08-20 16:11:15.275000', 409', '310', 'None'
'2019-08-20 16:11:15.283000', 403', '308', 'None'
'2019-08-20 16:11:15.290000', 399', '306', 'None'
'2019-08-20 16:11:15.297000', 393', '303', 'None'
'2019-08-20 16:11:15.305000', 387', '299', 'None'
'2019-08-20 16:11:15.312000', 380', '295', 'None'
'2019-08-20 16:11:15.319000', 375', '292', 'None'
'2019-08-20 16:11:15.326000', 368', '285', 'None'
'2019-08-20 16:11:15.334000', 363', '281', 'None'
'2019-08-20 16:11:15.341000', 357', '275', 'None'
'2019-08-20 16:11:15.348000', 353', '270', 'None'
'2019-08-20 16:11:15.355000', 347', '267', 'None'
'2019-08-20 16:11:15.362000', 341', '260', 'None'
'2019-08-20 16:11:15.370000', 333', '255', 'None'
'2019-08-20 16:11:15.377000', 327', '248', 'None'
'2019-08-20 16:11:15.384000', 317', '237', 'None'
'2019-08-20 16:11:15.392000', 309', '223', 'None'
'2019-08-20 16:11:15.399000', 300', '207', 'None'
'2019-08-20 16:11:15.407000', 296', '195', 'None'
'2019-08-20 16:11:15.413000', 292', '188', 'None'
'2019-08-20 16:11:15.420000', 291', '176', 'None'
'2019-08-20 16:11:15.428000', 291', '161', 'None'
'2019-08-20 16:11:15.435000', 292', '140', 'None'
'2019-08-20 16:11:15.443000', 294', '127', 'None'
'2019-08-20 16:11:15.450000', 297', '118', 'None'
'2019-08-20 16:11:15.457000', 301', '107', 'None'
'2019-08-20 16:11:15.464000', 305', '97', 'None'
'2019-08-20 16:11:15.472000', 311', '86', 'None'
'2019-08-20 16:11:15.480000', 315', '79', 'None'
'2019-08-20 16:11:15.487000', 320', '71', 'None'
'2019-08-20 16:11:15.494000', 323', '67', 'None'
'2019-08-20 16:11:15.502000', 325', '63', 'None'
'2019-08-20 16:11:15.508000', 333', '58', 'None'
'2019-08-20 16:11:15.516000', 344', '50', 'None'
'2019-08-20 16:11:15.523000', 363', '43', 'None'
'2019-08-20 16:11:15.531000', 380', '39', 'None'
'2019-08-20 16:11:15.538000', 396', '34', 'None'
'2019-08-20 16:11:15.545000', 417', '31', 'None'
'2019-08-20 16:11:15.552000', 452', '27', 'None'
'2019-08-20 16:11:15.560000', 480', '25', 'None'
'2019-08-20 16:11:15.567000', 508', '25', 'None'
'2019-08-20 16:11:15.574000', 549', '26', 'None'
'2019-08-20 16:11:15.581000', 575', '29', 'None'
'2019-08-20 16:11:15.588000', 595', '34', 'None'
'2019-08-20 16:11:15.596000', 612', '45', 'None'
'2019-08-20 16:11:15.603000', 627', '57', 'None'
'2019-08-20 16:11:15.611000', 638', '68', 'None'
'2019-08-20 16:11:15.618000', 644', '75', 'None'
'2019-08-20 16:11:15.625000', 650', '84', 'None'
'2019-08-20 16:11:15.632000', 656', '102', 'None'
'2019-08-20 16:11:15.640000', 663', '123', 'None'
'2019-08-20 16:11:15.646000', 664', '136', 'None'
'2019-08-20 16:11:15.654000', 664', '148', 'None'
'2019-08-20 16:11:15.661000', 658', '157', 'None'
'2019-08-20 16:11:15.669000', 653', '166', 'None'
'2019-08-20 16:11:15.676000', 644', '175', 'None'
'2019-08-20 16:11:15.683000', 635', '185', 'None'
'2019-08-20 16:11:15.690000', 620', '196', 'None'
'2019-08-20 16:11:15.698000', 590', '214', 'None'
'2019-08-20 16:11:15.705000', 555', '229', 'None'
'2019-08-20 16:11:15.713000', 530', '240', 'None'
'2019-08-20 16:11:15.719000', 485', '253', 'None'
'2019-08-20 16:11:15.727000', 449', '259', 'None'
'2019-08-20 16:11:15.734000', 432', '262', 'None'
'2019-08-20 16:11:15.741000', 414', '265', 'None'
'2019-08-20 16:11:15.749000', 399', '266', 'None'
'2019-08-20 16:11:15.756000', 385', '266', 'None'
'2019-08-20 16:11:15.763000', 377', '266', 'None'
'2019-08-20 16:11:15.771000', 370', '266', 'None'
'2019-08-20 16:11:15.778000', 367', '266', 'None'
'2019-08-20 16:11:15.785000', 366', '266', 'None'
'2019-08-20 16:11:15.793000', 364', '266', 'None'
'2019-08-20 16:11:15.800000', 363', '266', 'None'
'2019-08-20 16:11:15.807000', 362', '266', 'None'
'2019-08-20 16:11:15.815000', 362', '260', 'None'
'2019-08-20 16:11:15.822000', 375', '239', 'None'
'2019-08-20 16:11:15.829000', 394', '220', 'None'
'2019-08-20 16:11:15.836000', 423', '195', 'None'
'2019-08-20 16:11:15.843000', 467', '165', 'None'
'2019-08-20 16:11:15.852000', 501', '139', 'None'
'2019-08-20 16:11:15.857000', 533', '117', 'None'
'2019-08-20 16:11:15.865000', 565', '100', 'None'
'2019-08-20 16:11:15.872000', 584', '93', 'None'
'2019-08-20 16:11:15.880000', 595', '93', 'None'
'2019-08-20 16:11:15.887000', 604', '95', 'None'
'2019-08-20 16:11:15.895000', 609', '99', 'None'
'2019-08-20 16:11:15.901000', 613', '105', 'None'
'2019-08-20 16:11:15.909000', 617', '114', 'None'
'2019-08-20 16:11:15.917000', 620', '122', 'None'
'2019-08-20 16:11:15.923000', 621', '129', 'None'
'2019-08-20 16:11:15.931000', 621', '143', 'None'
'2019-08-20 16:11:15.938000', 619', '156', 'None'
'2019-08-20 16:11:15.946000', 614', '170', 'None'
'2019-08-20 16:11:15.952000', 607', '179', 'None'
'2019-08-20 16:11:15.960000', 601', '187', 'None'
'2019-08-20 16:11:15.968000', 592', '193', 'None'
'2019-08-20 16:11:15.974000', 584', '200', 'None'
'2019-08-20 16:11:15.982000', 578', '205', 'None'
'2019-08-20 16:11:15.989000', 570', '210', 'None'
'2019-08-20 16:11:15.996000', 563', '215', 'None'
'2019-08-20 16:11:16.003000', 554', '218', 'None'
'2019-08-20 16:11:16.011000', 548', '222', 'None'
'2019-08-20 16:11:16.018000', 541', '227', 'None'
'2019-08-20 16:11:16.025000', 538', '229', 'None'
'2019-08-20 16:11:16.033000', 534', '230', 'None'
'2019-08-20 16:11:16.040000', 532', '231', 'None'
'2019-08-20 16:11:16.047000', 530', '231', 'None'
'2019-08-20 16:11:16.062000', 529', '231', 'None'
'2019-08-20 16:11:16.069000', 528', '231', 'None'
'2019-08-20 16:11:16.084000', 529', '226', 'None'
'2019-08-20 16:11:16.091000', 545', '200', 'None'
'2019-08-20 16:11:16.098000', 567', '160', 'None'
'2019-08-20 16:11:16.105000', 586', '135', 'None'
'2019-08-20 16:11:16.113000', 607', '110', 'None'
'2019-08-20 16:11:16.120000', 633', '79', 'None'
'2019-08-20 16:11:16.127000', 654', '53', 'None'
'2019-08-20 16:11:16.135000', 665', '41', 'None'
'2019-08-20 16:11:16.142000', 676', '31', 'None'
'2019-08-20 16:11:16.149000', 684', '25', 'None'
'2019-08-20 16:11:16.156000', 689', '21', 'None'
'2019-08-20 16:11:16.164000', 692', '19', 'None'
'2019-08-20 16:11:16.172000', 695', '18', 'None'
'2019-08-20 16:11:16.179000', 699', '17', 'None'
'2019-08-20 16:11:16.186000', 702', '16', 'None'
'2019-08-20 16:11:16.193000', 703', '16', 'None'
'2019-08-20 16:11:16.201000', 704', '16', 'None'
'2019-08-20 16:11:16.207000', 705', '16', 'None'
'2019-08-20 16:11:16.215000', 706', '16', 'None'
'2019-08-20 16:11:16.251000', 705', '15', 'None'
'2019-08-20 16:11:16.258000', 704', '14', 'None'
'2019-08-20 16:11:16.267000', 700', '12', 'None'
'2019-08-20 16:11:16.273000', 692', '8', 'None'
'2019-08-20 16:11:16.281000', 680', '6', 'None'
'2019-08-20 16:11:16.288000', 659', '3', 'None'
'2019-08-20 16:11:16.295000', 635', '3', 'None'
'2019-08-20 16:11:16.302000', 617', '3', 'None'
'2019-08-20 16:11:16.309000', 591', '5', 'None'
'2019-08-20 16:11:16.318000', 559', '9', 'None'
'2019-08-20 16:11:16.324000', 542', '13', 'None'
'2019-08-20 16:11:16.332000', 525', '16', 'None'
'2019-08-20 16:11:16.339000', 506', '20', 'None'
'2019-08-20 16:11:16.346000', 491', '26', 'None'
'2019-08-20 16:11:16.353000', 479', '30', 'None'
'2019-08-20 16:11:16.360000', 471', '35', 'None'
'2019-08-20 16:11:16.368000', 462', '41', 'None'
'2019-08-20 16:11:16.375000', 453', '48', 'None'
'2019-08-20 16:11:16.382000', 445', '57', 'None'
'2019-08-20 16:11:16.390000', 435', '67', 'None'
'2019-08-20 16:11:16.397000', 424', '76', 'None'
'2019-08-20 16:11:16.404000', 412', '93', 'None'
'2019-08-20 16:11:16.411000', 398', '116', 'None'
'2019-08-20 16:11:16.419000', 386', '136', 'None'
'2019-08-20 16:11:16.427000', 381', '150', 'None'
'2019-08-20 16:11:16.434000', 375', '162', 'None'
'2019-08-20 16:11:16.440000', 371', '179', 'None'
'2019-08-20 16:11:16.448000', 368', '196', 'None'
'2019-08-20 16:11:16.455000', 366', '211', 'None'
'2019-08-20 16:11:16.463000', 363', '221', 'None'
'2019-08-20 16:11:16.469000', 362', '230', 'None'
'2019-08-20 16:11:16.477000', 361', '237', 'None'
'2019-08-20 16:11:16.484000', 361', '249', 'None'
'2019-08-20 16:11:16.491000', 361', '259', 'None'
'2019-08-20 16:11:16.499000', 361', '269', 'None'
'2019-08-20 16:11:16.506000', 361', '275', 'None'
'2019-08-20 16:11:16.514000', 361', '282', 'None'
'2019-08-20 16:11:16.521000', 361', '286', 'None'
'2019-08-20 16:11:16.528000', 361', '291', 'None'
'2019-08-20 16:11:16.535000', 361', '294', 'None'
'2019-08-20 16:11:16.543000', 361', '295', 'None'
'2019-08-20 16:11:16.551000', 361', '298', 'None'
'2019-08-20 16:11:16.558000', 361', '299', 'None'
'2019-08-20 16:11:16.565000', 361', '301', 'None'
'2019-08-20 16:11:16.571000', 361', '303', 'None'
'2019-08-20 16:11:16.579000', 361', '304', 'None'
'2019-08-20 16:11:16.586000', 361', '307', 'None'
'2019-08-20 16:11:16.594000', 361', '308', 'None'
'2019-08-20 16:11:16.601000', 361', '310', 'None'
'2019-08-20 16:11:16.608000', 361', '313', 'None'
'2019-08-20 16:11:16.615000', 363', '317', 'None'
'2019-08-20 16:11:16.622000', 364', '321', 'None'
'2019-08-20 16:11:16.630000', 367', '326', 'None'
'2019-08-20 16:11:16.637000', 368', '329', 'None'
'2019-08-20 16:11:16.645000', 369', '333', 'None'
'2019-08-20 16:11:16.652000', 371', '339', 'None'
'2019-08-20 16:11:16.659000', 371', '341', 'None'
'2019-08-20 16:11:16.667000', 373', '344', 'None'
'2019-08-20 16:11:16.673000', 374', '347', 'None'
'2019-08-20 16:11:16.681000', 376', '350', 'None'
'2019-08-20 16:11:16.688000', 378', '351', 'None'
'2019-08-20 16:11:16.695000', 380', '355', 'None'
'2019-08-20 16:11:16.703000', 383', '358', 'None'
'2019-08-20 16:11:16.710000', 385', '361', 'None'
'2019-08-20 16:11:16.717000', 388', '365', 'None'
'2019-08-20 16:11:16.725000', 391', '370', 'None'
'2019-08-20 16:11:16.732000', 394', '374', 'None'
'2019-08-20 16:11:16.739000', 398', '381', 'None'
'2019-08-20 16:11:16.747000', 400', '385', 'None'
'2019-08-20 16:11:16.755000', 401', '389', 'None'
'2019-08-20 16:11:16.761000', 403', '393', 'None'
'2019-08-20 16:11:16.768000', 406', '398', 'None'
'2019-08-20 16:11:16.775000', 407', '401', 'None'
'2019-08-20 16:11:16.783000', 408', '402', 'None'
'2019-08-20 16:11:16.790000', 409', '404', 'None'
'2019-08-20 16:11:16.798000', 410', '405', 'None'
'2019-08-20 16:11:16.805000', 410', '406', 'None'
'2019-08-20 16:11:16.812000', 410', '407', 'None'
'2019-08-20 16:11:16.819000', 410', '408', 'None'
'2019-08-20 16:11:16.834000', 410', '409', 'None'
'2019-08-20 16:11:16.841000', 410', '410', 'None'
'2019-08-20 16:11:16.915000', 409', '410', 'None'
'2019-08-20 16:11:16.922000', 408', '410', 'None'
'2019-08-20 16:11:16.929000', 405', '410', 'None'
'2019-08-20 16:11:16.936000', 402', '408', 'None'
'2019-08-20 16:11:16.944000', 399', '406', 'None'
'2019-08-20 16:11:16.951000', 396', '403', 'None'
'2019-08-20 16:11:16.958000', 392', '401', 'None'
'2019-08-20 16:11:16.965000', 390', '399', 'None'
'2019-08-20 16:11:16.972000', 387', '397', 'None'
'2019-08-20 16:11:16.980000', 383', '394', 'None'
'2019-08-20 16:11:16.987000', 379', '393', 'None'
'2019-08-20 16:11:16.994000', 375', '392', 'None'
'2019-08-20 16:11:17.002000', 371', '391', 'None'
'2019-08-20 16:11:17.008000', 367', '390', 'None'
'2019-08-20 16:11:17.016000', 360', '389', 'None'
'2019-08-20 16:11:17.024000', 352', '388', 'None'
'2019-08-20 16:11:17.030000', 345', '387', 'None'
'2019-08-20 16:11:17.038000', 334', '386', 'None'
'2019-08-20 16:11:17.045000', 324', '383', 'None'
'2019-08-20 16:11:17.052000', 312', '382', 'None'
'2019-08-20 16:11:17.060000', 295', '380', 'None'
'2019-08-20 16:11:17.067000', 277', '379', 'None'
'2019-08-20 16:11:17.074000', 259', '377', 'None'
'2019-08-20 16:11:17.081000', 236', '376', 'None'
'2019-08-20 16:11:17.088000', 217', '373', 'None'
'2019-08-20 16:11:17.096000', 200', '369', 'None'
'2019-08-20 16:11:17.103000', 181', '364', 'None'
'2019-08-20 16:11:17.110000', 163', '358', 'None'
'2019-08-20 16:11:17.118000', 149', '351', 'None'
'2019-08-20 16:11:17.126000', 137', '345', 'None'
'2019-08-20 16:11:17.133000', 124', '335', 'None'
'2019-08-20 16:11:17.140000', 113', '327', 'None'
'2019-08-20 16:11:17.147000', 99', '317', 'None'
'2019-08-20 16:11:17.154000', 82', '301', 'None'
'2019-08-20 16:11:17.162000', 58', '273', 'None'
'2019-08-20 16:11:17.169000', 47', '256', 'None'
'2019-08-20 16:11:17.176000', 37', '243', 'None'
'2019-08-20 16:11:17.183000', 28', '227', 'None'
'2019-08-20 16:11:17.190000', 25', '223', 'None'
'2019-08-20 16:11:17.198000', 23', '220', 'None'
'2019-08-20 16:11:17.205000', 22', '217', 'None'
'2019-08-20 16:11:17.520000', 10', '215', 'None'
'2019-08-20 16:11:19.413000', 11', '102', 'product.k'
'2019-08-20 16:11:19.421000', 26', '104', 'product.k'
'2019-08-20 16:11:19.427000', 43', '107', 'product.k'
'2019-08-20 16:11:19.433000', 69', '110', 'product.k'
'2019-08-20 16:11:19.441000', 89', '115', 'product.k'
'2019-08-20 16:11:19.448000', 108', '118', 'product.k'
'2019-08-20 16:11:19.455000', 124', '119', 'product.k'
'2019-08-20 16:11:19.463000', 143', '122', 'product.k'
'2019-08-20 16:11:19.470000', 162', '125', 'product.k'
'2019-08-20 16:11:19.477000', 178', '129', 'product.k'
'2019-08-20 16:11:19.485000', 190', '133', 'product.k'
'2019-08-20 16:11:19.492000', 205', '138', 'product.k'
'2019-08-20 16:11:19.499000', 220', '145', 'product.k'
'2019-08-20 16:11:19.507000', 234', '150', 'product.k'
'2019-08-20 16:11:19.515000', 247', '157', 'product.k'
'2019-08-20 16:11:19.521000', 254', '162', 'product.k'
'2019-08-20 16:11:19.529000', 258', '165', 'product.k'
'2019-08-20 16:11:19.535000', 263', '170', 'product.k'
'2019-08-20 16:11:19.543000', 266', '173', 'product.k'
'2019-08-20 16:11:19.550000', 268', '174', 'product.k'
'2019-08-20 16:11:19.557000', 269', '176', 'product.k'
'2019-08-20 16:11:19.565000', 272', '179', 'product.k'
'2019-08-20 16:11:19.572000', 273', '180', 'product.k'
'2019-08-20 16:11:19.579000', 274', '181', 'product.k'
'2019-08-20 16:11:19.586000', 274', '182', 'product.k'
'2019-08-20 16:11:19.594000', 276', '184', 'product.k'
'2019-08-20 16:11:19.602000', 278', '186', 'product.k'
'2019-08-20 16:11:19.609000', 281', '188', 'product.k'
'2019-08-20 16:11:19.616000', 283', '190', 'product.k'
'2019-08-20 16:11:19.623000', 284', '192', 'product.k'
'2019-08-20 16:11:19.630000', 286', '195', 'product.k'
'2019-08-20 16:11:19.637000', 291', '201', 'product.k'
'2019-08-20 16:11:19.645000', 294', '209', 'product.k'
'2019-08-20 16:11:19.652000', 298', '216', 'product.k'
'2019-08-20 16:11:19.659000', 302', '224', 'product.k'
'2019-08-20 16:11:19.667000', 305', '229', 'product.k'
'2019-08-20 16:11:19.674000', 307', '235', 'product.k'
'2019-08-20 16:11:19.681000', 310', '239', 'product.k'
'2019-08-20 16:11:19.689000', 312', '245', 'product.k'
'2019-08-20 16:11:19.696000', 313', '249', 'product.k'
'2019-08-20 16:11:19.703000', 315', '253', 'product.k'
'2019-08-20 16:11:19.710000', 316', '258', 'product.k'
'2019-08-20 16:11:19.718000', 317', '264', 'product.k'
'2019-08-20 16:11:19.725000', 318', '271', 'product.k'
'2019-08-20 16:11:19.732000', 318', '274', 'product.k'
'2019-08-20 16:11:19.739000', 319', '281', 'product.k'
'2019-08-20 16:11:19.747000', 319', '285', 'product.k'
'2019-08-20 16:11:19.754000', 319', '290', 'product.k'
'2019-08-20 16:11:19.761000', 319', '293', 'product.k'
'2019-08-20 16:11:19.768000', 319', '298', 'product.k'
'2019-08-20 16:11:19.776000', 319', '302', 'product.k'
'2019-08-20 16:11:19.783000', 319', '308', 'product.k'
'2019-08-20 16:11:19.790000', 319', '312', 'product.k'
'2019-08-20 16:11:19.798000', 320', '317', 'product.k'
'2019-08-20 16:11:19.805000', 320', '321', 'product.k'
'2019-08-20 16:11:19.812000', 321', '324', 'product.k'
'2019-08-20 16:11:19.819000', 321', '328', 'product.k'
'2019-08-20 16:11:19.826000', 321', '329', 'product.k'
'2019-08-20 16:11:19.834000', 321', '331', 'product.k'
'2019-08-20 16:11:19.841000', 321', '332', 'product.k'
'2019-08-20 16:11:19.848000', 321', '335', 'product.k'
'2019-08-20 16:11:19.856000', 321', '337', 'product.k'
'2019-08-20 16:11:19.864000', 321', '338', 'product.k'
'2019-08-20 16:11:19.870000', 321', '339', 'product.k'
'2019-08-20 16:11:19.878000', 321', '340', 'product.k'
'2019-08-20 16:11:19.893000', 321', '342', 'product.k'
'2019-08-20 16:11:19.899000', 321', '343', 'product.k'
'2019-08-20 16:11:19.914000', 321', '344', 'product.k'
'2019-08-20 16:11:19.921000', 321', '345', 'product.k'
'2019-08-20 16:11:19.981000', 320', '345', 'product.k'
'2019-08-20 16:11:19.988000', 319', '345', 'product.k'
'2019-08-20 16:11:19.995000', 318', '345', 'product.k'
'2019-08-20 16:11:20.001000', 315', '345', 'product.k'
'2019-08-20 16:11:20.009000', 313', '345', 'product.k'
'2019-08-20 16:11:20.016000', 312', '344', 'product.k'
'2019-08-20 16:11:20.024000', 310', '343', 'product.k'
'2019-08-20 16:11:20.031000', 306', '340', 'product.k'
'2019-08-20 16:11:20.039000', 303', '338', 'product.k'
'2019-08-20 16:11:20.045000', 300', '335', 'product.k'
'2019-08-20 16:11:20.052000', 296', '332', 'product.k'
'2019-08-20 16:11:20.060000', 293', '327', 'product.k'
'2019-08-20 16:11:20.067000', 290', '325', 'product.k'
'2019-08-20 16:11:20.075000', 285', '321', 'product.k'
'2019-08-20 16:11:20.082000', 283', '317', 'product.k'
'2019-08-20 16:11:20.089000', 280', '314', 'product.k'
'2019-08-20 16:11:20.097000', 278', '311', 'product.k'
'2019-08-20 16:11:20.104000', 273', '307', 'product.k'
'2019-08-20 16:11:20.111000', 270', '304', 'product.k'
'2019-08-20 16:11:20.118000', 267', '301', 'product.k'
'2019-08-20 16:11:20.126000', 262', '295', 'product.k'
'2019-08-20 16:11:20.133000', 259', '289', 'product.k'
'2019-08-20 16:11:20.140000', 256', '282', 'product.k'
'2019-08-20 16:11:20.148000', 254', '275', 'product.k'
'2019-08-20 16:11:20.154000', 251', '269', 'product.k'
'2019-08-20 16:11:20.162000', 248', '263', 'product.k'
'2019-08-20 16:11:20.169000', 247', '259', 'product.k'
'2019-08-20 16:11:20.176000', 246', '257', 'product.k'
'2019-08-20 16:11:20.184000', 245', '253', 'product.k'
'2019-08-20 16:11:20.191000', 245', '249', 'product.k'
'2019-08-20 16:11:20.198000', 243', '244', 'product.k'
'2019-08-20 16:11:20.206000', 241', '236', 'product.k'
'2019-08-20 16:11:20.212000', 240', '226', 'product.k'
'2019-08-20 16:11:20.220000', 240', '216', 'product.k'
'2019-08-20 16:11:20.227000', 240', '208', 'product.k'
'2019-08-20 16:11:20.235000', 240', '199', 'product.k'
'2019-08-20 16:11:20.242000', 239', '191', 'product.k'
'2019-08-20 16:11:20.249000', 239', '184', 'product.k'
'2019-08-20 16:11:20.257000', 237', '172', 'product.k'
'2019-08-20 16:11:20.263000', 236', '159', 'product.k'
'2019-08-20 16:11:20.271000', 233', '147', 'product.k'
'2019-08-20 16:11:20.278000', 231', '136', 'product.k'
'2019-08-20 16:11:20.286000', 227', '128', 'product.k'
'2019-08-20 16:11:20.293000', 225', '122', 'product.k'
'2019-08-20 16:11:20.300000', 222', '116', 'product.k'
'2019-08-20 16:11:20.307000', 220', '111', 'product.k'
'2019-08-20 16:11:20.315000', 219', '104', 'product.k'
'2019-08-20 16:11:20.322000', 217', '98', 'product.k'
'2019-08-20 16:11:20.329000', 214', '91', 'product.k'
'2019-08-20 16:11:20.336000', 213', '85', 'product.k'
'2019-08-20 16:11:20.344000', 212', '80', 'product.k'
'2019-08-20 16:11:20.351000', 211', '76', 'product.k'
'2019-08-20 16:11:20.359000', 210', '71', 'product.k'
'2019-08-20 16:11:20.366000', 210', '68', 'product.k'
'2019-08-20 16:11:20.373000', 210', '65', 'product.k'
'2019-08-20 16:11:20.381000', 210', '64', 'product.k'
'2019-08-20 16:11:20.388000', 210', '62', 'product.k'
'2019-08-20 16:11:20.395000', 210', '60', 'product.k'
'2019-08-20 16:11:20.402000', 210', '59', 'product.k'
'2019-08-20 16:11:20.410000', 210', '57', 'product.k'
'2019-08-20 16:11:20.417000', 211', '54', 'product.k'
'2019-08-20 16:11:20.431000', 212', '53', 'product.k'
'2019-08-20 16:11:20.439000', 213', '52', 'product.k'
'2019-08-20 16:11:20.446000', 214', '52', 'product.k'
'2019-08-20 16:11:20.453000', 215', '51', 'product.k'
'2019-08-20 16:11:20.460000', 216', '50', 'product.k'
'2019-08-20 16:11:20.467000', 217', '49', 'product.k'
'2019-08-20 16:11:20.535000', 217', '48', 'product.k'
'2019-08-20 16:11:20.607000', 217', '47', 'product.k'
'2019-08-20 16:11:20.614000', 217', '46', 'product.k'
'2019-08-20 16:11:20.621000', 217', '45', 'product.k'
'2019-08-20 16:11:20.628000', 217', '43', 'product.k'
'2019-08-20 16:11:20.635000', 217', '42', 'product.k'
'2019-08-20 16:11:20.642000', 217', '39', 'product.k'
'2019-08-20 16:11:20.649000', 217', '36', 'product.k'
'2019-08-20 16:11:20.657000', 217', '34', 'product.k'
'2019-08-20 16:11:20.665000', 217', '32', 'product.k'
'2019-08-20 16:11:20.672000', 217', '29', 'product.k'
'2019-08-20 16:11:20.679000', 217', '28', 'product.k'
'2019-08-20 16:11:20.686000', 217', '26', 'product.k'
'2019-08-20 16:11:20.693000', 217', '24', 'product.k'
'2019-08-20 16:11:20.700000', 216', '22', 'product.k'
'2019-08-20 16:11:20.708000', 216', '21', 'product.k'
'2019-08-20 16:11:20.715000', 216', '20', 'product.k'
'2019-08-20 16:11:20.723000', 214', '19', 'product.k'
'2019-08-20 16:11:20.759000', 214', '18', 'product.k'
'2019-08-20 16:11:20.818000', 213', '18', 'product.k'
'2019-08-20 16:11:21.233000', 214', '18', 'product.k'
'2019-08-20 16:11:21.240000', 215', '18', 'product.k'
'2019-08-20 16:11:21.247000', 217', '18', 'product.k'
'2019-08-20 16:11:21.254000', 220', '18', 'product.k'
'2019-08-20 16:11:21.262000', 221', '18', 'product.k'
'2019-08-20 16:11:21.268000', 223', '18', 'product.k'
'2019-08-20 16:11:21.276000', 224', '18', 'product.k'
'2019-08-20 16:11:21.283000', 226', '18', 'product.k'
'2019-08-20 16:11:21.290000', 229', '18', 'product.k'
'2019-08-20 16:11:21.305000', 231', '18', 'product.k'
'2019-08-20 16:11:21.313000', 232', '18', 'product.k'
'2019-08-20 16:11:21.320000', 233', '18', 'product.k'
'2019-08-20 16:11:21.327000', 234', '18', 'product.k'
'2019-08-20 16:11:21.334000', 235', '18', 'product.k'
'2019-08-20 16:11:21.341000', 237', '18', 'product.k'
'2019-08-20 16:11:21.348000', 238', '18', 'product.k'
'2019-08-20 16:11:21.363000', 239', '18', 'product.k'
'2019-08-20 16:11:21.371000', 240', '18', 'product.k'
'2019-08-20 16:11:21.378000', 241', '18', 'product.k'
'2019-08-20 16:11:21.393000', 244', '18', 'product.k'
'2019-08-20 16:11:21.407000', 246', '18', 'product.k'
'2019-08-20 16:11:21.414000', 248', '18', 'product.k'
'2019-08-20 16:11:21.421000', 249', '18', 'product.k'
'2019-08-20 16:11:21.430000', 252', '18', 'product.k'
'2019-08-20 16:11:21.436000', 253', '18', 'product.k'
'2019-08-20 16:11:21.443000', 255', '18', 'product.k'
'2019-08-20 16:11:21.451000', 257', '18', 'product.k'
'2019-08-20 16:11:21.458000', 258', '19', 'product.k'
'2019-08-20 16:11:21.466000', 260', '20', 'product.k'
'2019-08-20 16:11:21.473000', 262', '20', 'product.k'
'2019-08-20 16:11:21.480000', 263', '20', 'product.k'
'2019-08-20 16:11:21.487000', 263', '21', 'product.k'
'2019-08-20 16:11:21.495000', 264', '21', 'product.k'
'2019-08-20 16:11:21.501000', 265', '23', 'product.k'
'2019-08-20 16:11:21.539000', 266', '23', 'product.k'
'2019-08-20 16:11:21.546000', 267', '24', 'product.k'
'2019-08-20 16:11:21.553000', 268', '25', 'product.k'
'2019-08-20 16:11:21.560000', 269', '25', 'product.k'
'2019-08-20 16:11:21.567000', 270', '25', 'product.k'
'2019-08-20 16:11:21.574000', 271', '26', 'product.k'
'2019-08-20 16:11:21.589000', 272', '27', 'product.k'
'2019-08-20 16:11:21.596000', 273', '27', 'product.k'
'2019-08-20 16:11:21.604000', 273', '28', 'product.k'
'2019-08-20 16:11:21.611000', 274', '28', 'product.k'
'2019-08-20 16:11:21.619000', 276', '28', 'product.k'
'2019-08-20 16:11:21.633000', 277', '28', 'product.k'
'2019-08-20 16:11:21.641000', 278', '28', 'product.k'
'2019-08-20 16:11:21.655000', 279', '28', 'product.k'
'2019-08-20 16:11:21.662000', 280', '30', 'product.k'
'2019-08-20 16:11:21.669000', 281', '30', 'product.k'
'2019-08-20 16:11:21.684000', 283', '31', 'product.k'
'2019-08-20 16:11:21.691000', 284', '31', 'product.k'
'2019-08-20 16:11:21.698000', 284', '32', 'product.k'
'2019-08-20 16:11:21.706000', 285', '32', 'product.k'
'2019-08-20 16:11:21.713000', 286', '32', 'product.k'
'2019-08-20 16:11:21.720000', 287', '32', 'product.k'
'2019-08-20 16:11:21.969000', 283', '32', 'product.k'
'2019-08-20 16:11:21.975000', 279', '32', 'product.k'
'2019-08-20 16:11:21.982000', 274', '32', 'product.k'
'2019-08-20 16:11:21.990000', 271', '32', 'product.k'
'2019-08-20 16:11:21.997000', 266', '32', 'product.k'
'2019-08-20 16:11:22.004000', 262', '32', 'product.k'
'2019-08-20 16:11:22.011000', 257', '32', 'product.k'
'2019-08-20 16:11:22.019000', 250', '31', 'product.k'
'2019-08-20 16:11:22.026000', 241', '30', 'product.k'
'2019-08-20 16:11:22.033000', 236', '28', 'product.k'
'2019-08-20 16:11:22.041000', 229', '26', 'product.k'
'2019-08-20 16:11:22.048000', 225', '26', 'product.k'
'2019-08-20 16:11:22.055000', 220', '25', 'product.k'
'2019-08-20 16:11:22.063000', 217', '25', 'product.k'
'2019-08-20 16:11:22.070000', 214', '25', 'product.k'
'2019-08-20 16:11:22.077000', 211', '24', 'product.k'
'2019-08-20 16:11:22.084000', 208', '24', 'product.k'
'2019-08-20 16:11:22.091000', 205', '24', 'product.k'
'2019-08-20 16:11:22.099000', 201', '23', 'product.k'
'2019-08-20 16:11:22.106000', 199', '22', 'product.k'
'2019-08-20 16:11:22.113000', 196', '21', 'product.k'
'2019-08-20 16:11:22.121000', 192', '20', 'product.k'
'2019-08-20 16:11:22.128000', 189', '18', 'product.k'
'2019-08-20 16:11:22.135000', 186', '17', 'product.k'
'2019-08-20 16:11:22.143000', 183', '16', 'product.k'
'2019-08-20 16:11:22.150000', 180', '15', 'product.k'
'2019-08-20 16:11:22.157000', 177', '14', 'product.k'
'2019-08-20 16:11:22.165000', 173', '13', 'product.k'
'2019-08-20 16:11:22.172000', 170', '12', 'product.k'
'2019-08-20 16:11:22.179000', 169', '11', 'product.k'
'2019-08-20 16:11:22.186000', 166', '11', 'product.k'
'2019-08-20 16:11:22.194000', 163', '9', 'product.k'
'2019-08-20 16:11:22.200000', 160', '8', 'product.k'
'2019-08-20 16:11:22.208000', 158', '7', 'product.k'
'2019-08-20 16:11:22.215000', 154', '6', 'product.k'
'2019-08-20 16:11:22.223000', 151', '6', 'product.k'
'2019-08-20 16:11:22.229000', 149', '6', 'product.k'
'2019-08-20 16:11:22.237000', 145', '5', 'product.k'
'2019-08-20 16:11:22.245000', 142', '4', 'product.k'
'2019-08-20 16:11:22.252000', 139', '3', 'product.k'
'2019-08-20 16:11:22.259000', 135', '3', 'product.k'
'2019-08-20 16:11:22.266000', 134', '3', 'product.k'
'2019-08-20 16:11:22.274000', 132', '3', 'product.k'
'2019-08-20 16:11:22.280000', 131', '3', 'product.k'
'2019-08-20 16:11:22.288000', 129', '3', 'product.k'
'2019-08-20 16:11:22.296000', 126', '3', 'product.k'
'2019-08-20 16:11:22.302000', 125', '3', 'product.k'
'2019-08-20 16:11:22.310000', 123', '3', 'product.k'
'2019-08-20 16:11:22.317000', 122', '3', 'product.k'
'2019-08-20 16:11:22.324000', 119', '4', 'product.k'
'2019-08-20 16:11:22.332000', 118', '5', 'product.k'
'2019-08-20 16:11:22.339000', 117', '5', 'product.k'
'2019-08-20 16:11:22.346000', 117', '6', 'product.k'
'2019-08-20 16:11:22.354000', 116', '7', 'product.k'
'2019-08-20 16:11:22.361000', 115', '8', 'product.k'
'2019-08-20 16:11:22.368000', 114', '9', 'product.k'
'2019-08-20 16:11:22.376000', 114', '10', 'product.k'
'2019-08-20 16:11:22.383000', 113', '10', 'product.k'
'2019-08-20 16:11:22.390000', 112', '10', 'product.k'
'2019-08-20 16:11:22.398000', 111', '10', 'product.k'
'2019-08-20 16:11:22.405000', 110', '10', 'product.k'
'2019-08-20 16:11:22.441000', 110', '11', 'product.k'
'2019-08-20 16:11:22.448000', 110', '12', 'product.k'
'2019-08-20 16:11:22.455000', 110', '13', 'product.k'
'2019-08-20 16:11:22.470000', 110', '14', 'product.k'
'2019-08-20 16:11:22.477000', 110', '15', 'product.k'
'2019-08-20 16:11:22.485000', 110', '16', 'product.k'
'2019-08-20 16:11:22.492000', 110', '17', 'product.k'
'2019-08-20 16:11:22.499000', 110', '18', 'product.k'
'2019-08-20 16:11:22.507000', 111', '19', 'product.k'
'2019-08-20 16:11:22.514000', 116', '21', 'product.k'
'2019-08-20 16:11:22.521000', 125', '25', 'product.k'
'2019-08-20 16:11:22.529000', 135', '26', 'product.k'
'2019-08-20 16:11:22.536000', 145', '28', 'product.k'
'2019-08-20 16:11:22.543000', 155', '28', 'product.k'
'2019-08-20 16:11:22.550000', 165', '28', 'product.k'
'2019-08-20 16:11:22.557000', 174', '28', 'product.k'
'2019-08-20 16:11:22.564000', 184', '28', 'product.k'
'2019-08-20 16:11:22.572000', 194', '28', 'product.k'
'2019-08-20 16:11:22.579000', 204', '28', 'product.k'
'2019-08-20 16:11:22.587000', 211', '28', 'product.k'
'2019-08-20 16:11:22.595000', 217', '28', 'product.k'
'2019-08-20 16:11:22.601000', 223', '28', 'product.k'
'2019-08-20 16:11:22.609000', 231', '28', 'product.k'
'2019-08-20 16:11:22.616000', 239', '28', 'product.k'
'2019-08-20 16:11:22.623000', 246', '28', 'product.k'
'2019-08-20 16:11:22.631000', 253', '29', 'product.k'
'2019-08-20 16:11:22.638000', 260', '30', 'product.k'
'2019-08-20 16:11:22.645000', 264', '31', 'product.k'
'2019-08-20 16:11:22.652000', 268', '32', 'product.k'
'2019-08-20 16:11:22.660000', 273', '33', 'product.k'
'2019-08-20 16:11:22.667000', 276', '34', 'product.k'
'2019-08-20 16:11:22.674000', 280', '35', 'product.k'
'2019-08-20 16:11:22.682000', 283', '37', 'product.k'
'2019-08-20 16:11:22.688000', 284', '38', 'product.k'
'2019-08-20 16:11:22.696000', 286', '38', 'product.k'
'2019-08-20 16:11:22.703000', 287', '39', 'product.k'
'2019-08-20 16:11:22.711000', 288', '39', 'product.k'
'2019-08-20 16:11:22.717000', 289', '39', 'product.k'
'2019-08-20 16:11:22.725000', 290', '39', 'product.k'
'2019-08-20 16:11:22.776000', 290', '40', 'product.k'
'2019-08-20 16:11:22.828000', 289', '40', 'product.k'
'2019-08-20 16:11:22.834000', 288', '40', 'product.k'
'2019-08-20 16:11:22.842000', 286', '40', 'product.k'
'2019-08-20 16:11:22.849000', 283', '39', 'product.k'
'2019-08-20 16:11:22.856000', 277', '38', 'product.k'
'2019-08-20 16:11:22.863000', 270', '37', 'product.k'
'2019-08-20 16:11:22.871000', 261', '34', 'product.k'
'2019-08-20 16:11:22.879000', 253', '33', 'product.k'
'2019-08-20 16:11:22.885000', 247', '32', 'product.k'
'2019-08-20 16:11:22.893000', 239', '31', 'product.k'
'2019-08-20 16:11:22.900000', 228', '30', 'product.k'
'2019-08-20 16:11:22.907000', 216', '28', 'product.k'
'2019-08-20 16:11:22.915000', 206', '28', 'product.k'
'2019-08-20 16:11:22.922000', 195', '28', 'product.k'
'2019-08-20 16:11:22.929000', 186', '28', 'product.k'
'2019-08-20 16:11:22.936000', 178', '30', 'product.k'
'2019-08-20 16:11:22.943000', 167', '31', 'product.k'
'2019-08-20 16:11:22.951000', 156', '32', 'product.k'
'2019-08-20 16:11:22.958000', 147', '34', 'product.k'
'2019-08-20 16:11:22.965000', 138', '36', 'product.k'
'2019-08-20 16:11:22.972000', 133', '36', 'product.k'
'2019-08-20 16:11:22.980000', 128', '37', 'product.k'
'2019-08-20 16:11:22.987000', 125', '37', 'product.k'
'2019-08-20 16:11:22.995000', 123', '37', 'product.k'
'2019-08-20 16:11:23.002000', 122', '37', 'product.k'
'2019-08-20 16:11:23.009000', 121', '37', 'product.k'
'2019-08-20 16:11:23.016000', 120', '37', 'product.k'
'2019-08-20 16:11:23.024000', 119', '37', 'product.k'
'2019-08-20 16:11:23.031000', 118', '37', 'product.k'
'2019-08-20 16:11:23.038000', 117', '37', 'product.k'
'2019-08-20 16:11:23.052000', 116', '37', 'product.k'
'2019-08-20 16:11:23.061000', 115', '37', 'product.k'
'2019-08-20 16:11:23.141000', 116', '37', 'product.k'
'2019-08-20 16:11:23.147000', 118', '37', 'product.k'
'2019-08-20 16:11:23.156000', 123', '37', 'product.k'
'2019-08-20 16:11:23.163000', 130', '37', 'product.k'
'2019-08-20 16:11:23.170000', 139', '37', 'product.k'
'2019-08-20 16:11:23.177000', 146', '37', 'product.k'
'2019-08-20 16:11:23.184000', 151', '35', 'product.k'
'2019-08-20 16:11:23.191000', 158', '34', 'product.k'
'2019-08-20 16:11:23.198000', 164', '32', 'product.k'
'2019-08-20 16:11:23.206000', 167', '32', 'product.k'
'2019-08-20 16:11:23.213000', 170', '32', 'product.k'
'2019-08-20 16:11:23.221000', 172', '32', 'product.k'
'2019-08-20 16:11:23.235000', 173', '32', 'product.k'
'2019-08-20 16:11:23.242000', 174', '32', 'product.k'
'2019-08-20 16:11:23.250000', 175', '32', 'product.k'
'2019-08-20 16:11:23.257000', 177', '32', 'product.k'
'2019-08-20 16:11:23.264000', 180', '31', 'product.k'
'2019-08-20 16:11:23.272000', 183', '30', 'product.k'
'2019-08-20 16:11:23.278000', 186', '29', 'product.k'
'2019-08-20 16:11:23.286000', 189', '28', 'product.k'
'2019-08-20 16:11:23.293000', 192', '27', 'product.k'
'2019-08-20 16:11:23.300000', 196', '26', 'product.k'
'2019-08-20 16:11:23.307000', 199', '24', 'product.k'
'2019-08-20 16:11:23.315000', 201', '23', 'product.k'
'2019-08-20 16:11:23.322000', 204', '23', 'product.k'
'2019-08-20 16:11:23.329000', 206', '23', 'product.k'
'2019-08-20 16:11:23.344000', 207', '23', 'product.k'
'2019-08-20 16:11:23.351000', 208', '23', 'product.k'
'2019-08-20 16:11:23.366000', 209', '23', 'product.k'
'2019-08-20 16:11:23.380000', 210', '23', 'product.k'
'2019-08-20 16:11:23.395000', 211', '23', 'product.k'
'2019-08-20 16:11:23.402000', 212', '23', 'product.k'
'2019-08-20 16:11:23.410000', 213', '25', 'product.k'
'2019-08-20 16:11:23.417000', 214', '25', 'product.k'
'2019-08-20 16:11:23.424000', 214', '26', 'product.k'
'2019-08-20 16:11:23.431000', 214', '27', 'product.k'
'2019-08-20 16:11:23.439000', 215', '28', 'product.k'
'2019-08-20 16:11:23.446000', 216', '30', 'product.k'
'2019-08-20 16:11:23.453000', 217', '32', 'product.k'
'2019-08-20 16:11:23.461000', 217', '34', 'product.k'
'2019-08-20 16:11:23.468000', 218', '37', 'product.k'
'2019-08-20 16:11:23.475000', 220', '41', 'product.k'
'2019-08-20 16:11:23.482000', 221', '50', 'product.k'
'2019-08-20 16:11:23.490000', 222', '61', 'product.k'
'2019-08-20 16:11:23.497000', 222', '71', 'product.k'
'2019-08-20 16:11:23.504000', 222', '83', 'product.k'
'2019-08-20 16:11:23.511000', 222', '90', 'product.k'
'2019-08-20 16:11:23.519000', 222', '97', 'product.k'
'2019-08-20 16:11:23.526000', 222', '105', 'product.k'
'2019-08-20 16:11:23.533000', 222', '112', 'product.k'
'2019-08-20 16:11:23.541000', 223', '120', 'product.k'
'2019-08-20 16:11:23.548000', 225', '129', 'product.k'
'2019-08-20 16:11:23.556000', 225', '136', 'product.k'
'2019-08-20 16:11:23.562000', 226', '144', 'product.k'
'2019-08-20 16:11:23.570000', 226', '148', 'product.k'
'2019-08-20 16:11:23.578000', 226', '153', 'product.k'
'2019-08-20 16:11:23.585000', 226', '157', 'product.k'
'2019-08-20 16:11:23.592000', 226', '161', 'product.k'
'2019-08-20 16:11:23.599000', 227', '163', 'product.k'
'2019-08-20 16:11:23.606000', 228', '166', 'product.k'
'2019-08-20 16:11:23.613000', 229', '171', 'product.k'
'2019-08-20 16:11:23.621000', 231', '175', 'product.k'
'2019-08-20 16:11:23.628000', 232', '181', 'product.k'
'2019-08-20 16:11:23.635000', 233', '185', 'product.k'
'2019-08-20 16:11:23.643000', 234', '189', 'product.k'
'2019-08-20 16:11:23.650000', 235', '194', 'product.k'
'2019-08-20 16:11:23.657000', 236', '198', 'product.k'
'2019-08-20 16:11:23.664000', 236', '203', 'product.k'
'2019-08-20 16:11:23.672000', 236', '207', 'product.k'
'2019-08-20 16:11:23.679000', 236', '212', 'product.k'
'2019-08-20 16:11:23.687000', 236', '215', 'product.k'
'2019-08-20 16:11:23.694000', 236', '222', 'product.k'
'2019-08-20 16:11:23.701000', 237', '229', 'product.k'
'2019-08-20 16:11:23.708000', 238', '241', 'product.k'
'2019-08-20 16:11:23.715000', 240', '251', 'product.k'
'2019-08-20 16:11:23.723000', 240', '259', 'product.k'
'2019-08-20 16:11:23.730000', 240', '264', 'product.k'
'2019-08-20 16:11:23.738000', 240', '270', 'product.k'
'2019-08-20 16:11:23.744000', 240', '273', 'product.k'
'2019-08-20 16:11:23.752000', 240', '276', 'product.k'
'2019-08-20 16:11:23.759000', 240', '279', 'product.k'
'2019-08-20 16:11:23.767000', 240', '280', 'product.k'
'2019-08-20 16:11:23.773000', 240', '282', 'product.k'
'2019-08-20 16:11:23.781000', 240', '283', 'product.k'
'2019-08-20 16:11:23.796000', 240', '284', 'product.k'
'2019-08-20 16:11:23.803000', 240', '285', 'product.k'
'2019-08-20 16:11:23.811000', 240', '286', 'product.k'
'2019-08-20 16:11:23.818000', 240', '287', 'product.k'
'2019-08-20 16:11:23.825000', 240', '288', 'product.k'
'2019-08-20 16:11:23.840000', 240', '289', 'product.k'
'2019-08-20 16:11:23.846000', 240', '290', 'product.k'
'2019-08-20 16:11:23.862000', 240', '291', 'product.k'
'2019-08-20 16:11:23.868000', 240', '292', 'product.k'
'2019-08-20 16:11:23.876000', 240', '293', 'product.k'
'2019-08-20 16:11:23.883000', 240', '294', 'product.k'
'2019-08-20 16:11:23.891000', 239', '296', 'product.k'
'2019-08-20 16:11:23.897000', 239', '297', 'product.k'
'2019-08-20 16:11:23.905000', 239', '299', 'product.k'
'2019-08-20 16:11:23.912000', 238', '302', 'product.k'
'2019-08-20 16:11:23.919000', 238', '303', 'product.k'
'2019-08-20 16:11:23.928000', 238', '306', 'product.k'
'2019-08-20 16:11:23.934000', 238', '307', 'product.k'
'2019-08-20 16:11:23.941000', 238', '310', 'product.k'
'2019-08-20 16:11:23.949000', 238', '312', 'product.k'
'2019-08-20 16:11:23.956000', 238', '313', 'product.k'
'2019-08-20 16:11:23.963000', 238', '315', 'product.k'
'2019-08-20 16:11:23.971000', 238', '317', 'product.k'
'2019-08-20 16:11:23.978000', 238', '319', 'product.k'
'2019-08-20 16:11:23.986000', 238', '320', 'product.k'
'2019-08-20 16:11:23.992000', 238', '321', 'product.k'
'2019-08-20 16:11:24.007000', 238', '322', 'product.k'
'2019-08-20 16:11:24.014000', 238', '323', 'product.k'
'2019-08-20 16:11:24.029000', 238', '324', 'product.k'
'2019-08-20 16:11:24.036000', 238', '326', 'product.k'
'2019-08-20 16:11:24.481000', 233', '329', 'product.k'
'2019-08-20 16:11:24.488000', 226', '333', 'product.k'
'2019-08-20 16:11:24.495000', 218', '339', 'product.k'
'2019-08-20 16:11:24.502000', 210', '343', 'product.k'
'2019-08-20 16:11:24.509000', 201', '347', 'product.k'
'2019-08-20 16:11:24.517000', 193', '353', 'product.k'
'2019-08-20 16:11:24.524000', 184', '359', 'product.k'
'2019-08-20 16:11:24.531000', 173', '367', 'product.k'
'2019-08-20 16:11:24.538000', 165', '373', 'product.k'
'2019-08-20 16:11:24.546000', 156', '381', 'product.k'
'2019-08-20 16:11:24.554000', 148', '390', 'product.k'
'2019-08-20 16:11:24.560000', 143', '396', 'product.k'
'2019-08-20 16:11:24.568000', 139', '402', 'product.k'
'2019-08-20 16:11:24.575000', 134', '407', 'product.k'
'2019-08-20 16:11:24.582000', 131', '410', 'product.k'
'2019-08-20 16:11:24.590000', 128', '414', 'product.k'
'2019-08-20 16:11:24.596000', 124', '417', 'product.k'
'2019-08-20 16:11:24.604000', 121', '420', 'product.k'
'2019-08-20 16:11:24.611000', 116', '425', 'product.k'
'2019-08-20 16:11:24.618000', 109', '430', 'product.k'
'2019-08-20 16:11:24.626000', 99', '438', 'product.k'
'2019-08-20 16:11:24.633000', 91', '445', 'product.k'
'2019-08-20 16:11:24.640000', 84', '455', 'product.k'
'2019-08-20 16:11:24.648000', 77', '461', 'product.k'
'2019-08-20 16:11:24.655000', 71', '467', 'product.k'
'2019-08-20 16:11:24.663000', 67', '472', 'product.k'
'2019-08-20 16:11:24.669000', 61', '478', 'product.k'
'2019-08-20 16:11:24.677000', 56', '481', 'product.k'
'2019-08-20 16:11:24.684000', 50', '485', 'product.k'
'2019-08-20 16:11:24.691000', 46', '489', 'product.k'
'2019-08-20 16:11:24.699000', 40', '494', 'product.k'
'2019-08-20 16:11:24.706000', 36', '497', 'product.k'
'2019-08-20 16:11:24.713000', 31', '503', 'product.k'
'2019-08-20 16:11:24.721000', 25', '509', 'product.k'
'2019-08-20 16:11:24.728000', 20', '517', 'product.k'
'2019-08-20 16:11:24.735000', 15', '524', 'product.k'
'2019-08-20 16:11:24.742000', 11', '529', 'product.k'
'2019-08-20 16:11:24.749000', 8', '533', 'product.k'
'2019-08-20 16:11:24.757000', 6', '537', 'product.k'
'2019-08-20 16:11:24.764000', 3', '540', 'product.k'
'2019-08-20 16:11:24.772000', 1', '542', 'product.k'
